x1,x2,x3,x4,target
324.87,4.64,197.9,27.69,-10885.545500000004
-122.35,-75.14,147.76,36.23,1391.7614999999987
-105.63,27.78,10.38,59.59,-24327.820500000005
-214.59,-1.34,-22.16,72.98,-29347.346000000005
173.08,-42.89,-305.99,45.85,-63775.30250000001
-460.31,-20.5,221.59,18.97,35517.6935
348.96,-20.27,29.18,50.75,-41315.7925
-152.24,31.31,130.52,6.05,18060.9225
63.81,29.66,200.25,36.41,-1750.4844999999993
-49.87,63.02,-57.28,83.7,-46109.12000000001
292.42,32.68,303.4,74.21,-22540.4245
-412.03,-37.31,122.62,20.93,21885.381500000003
-64.48,-39.32,399.4,59.11,12221.950499999994
-76.81,49.58,133.79,18.36,8378.957999999999
226.75,64.83,163.72,11.55,-428.1775000000004
-219.98,1.68,45.32,-18.28,25239.126
-34.49,29.56,395.28,46.11,17815.725499999997
-175.57,-42.67,-320.7,39.18,-44163.921
8.44,-58.04,-6.57,59.53,-32589.723500000004
116.56,-31.09,38.99,54.18,-30424.911000000004
-220.12,-2.5,-206.08,21.01,-20625.134500000004
228.94,-8.25,-58.94,55.89,-46602.2555
180.32,1.95,-334.42,86.42,-87693.23400000001
100.5,-7.19,138.08,99.04,-42807.063
180.17,33.78,-181.05,53.17,-54588.3365
-136.75,59.96,173.97,38.65,4862.797500000001
-24.58,11.27,47.64,41.66,-15602.022
-187.15,81.05,-66.54,32.5,-13291.015
-53.58,-12.2,-210.76,12.73,-25220.7885
106.07,-8.38,-36.57,77.32,-49388.804000000004
-138.33,23.57,162.12,52.88,-4039.8260000000014
-79.35,-2.42,74.91,34.39,-6386.755500000004
-137.43,51.2,233.25,74.63,-7935.763499999997
-169.04,-12.44,-57.67,55.19,-26115.4205
-134.25,56.29,421.2,-7.69,53796.9305
-2.53,16.8,52.41,67.1,-29320.655000000002
-223.46,99.79,-69.04,17.72,-3760.4590000000007
46.88,-6.24,362.03,-9.53,38880.8635
331.96,2.91,371.51,38.7,543.1449999999936
148.41,15.1,81.97,20.69,-9866.3505
-38.37,-66.34,3.14,7.67,-2427.5265000000004
-177.53,31.08,282.01,77.51,-2702.3895000000066
-149.43,26.83,-78.83,31.79,-16620.220500000003
338.49,13.83,287.04,28.43,-2973.7835000000005
10.16,-44.05,-177.44,22.46,-30496.562
-127.4,-44.13,83.32,18.21,4901.650499999999
38.18,30.53,102.35,35.66,-9808.177
420.05,51.13,341.62,20.37,3079.203499999997
24.03,65.81,-265.84,127.15,-93446.91750000001
123.44,-21.34,146.89,-1.63,9085.0685
60.03,-26.08,75.86,33.52,-13109.319000000003
-70.45,0.48,100.58,15.89,5311.724499999999
-228.5,-59.15,-76.82,8.92,-1450.4690000000003
-69.87,-10.61,-160.38,9.96,-17857.111999999997
-41.78,39.81,7.37,30.83,-12770.6635
117.32,67.21,51.67,57.94,-30193.033000000003
167.8,19.77,395.04,65.84,-2924.9930000000054
186.22,67.42,122.28,50.9,-22899.275000000005
57.12,24.38,99.14,17.29,-1609.6405
177.03,16.7,239.67,87.65,-30306.552500000005
-150.88,4.0,-222.37,83.33,-58075.573500000006
250.57,16.54,244.51,82.89,-31025.7405
102.59,1.08,283.08,15.86,15061.918
-59.62,5.07,281.43,48.64,6078.512
97.7,-13.17,33.4,51.31,-28462.264500000005
-15.11,19.07,-147.05,47.55,-38585.9225
226.33,10.51,-96.99,47.06,-45543.042
303.96,-41.79,149.49,46.47,-24899.3615
437.12,1.58,207.35,20.93,-12040.973500000002
-279.3,-19.95,355.31,66.22,15110.381000000001
-288.82,-61.69,404.29,71.33,17490.8215
-100.89,26.94,274.25,49.09,7458.3894999999975
32.01,64.55,106.79,31.66,-6668.451999999999
175.23,92.94,152.98,42.17,-14456.011500000002
63.13,64.68,52.94,67.45,-32340.46750000001
-404.44,-20.48,310.97,26.18,37891.274000000005
-61.24,51.13,218.85,50.98,-907.9810000000012
165.59,49.2,143.17,7.94,2484.4269999999988
46.02,-59.57,-151.12,41.38,-39582.82600000001
152.4,40.15,309.33,-8.24,28035.917999999998
-44.47,31.95,-205.38,-4.11,-15942.820499999998
-40.15,15.7,346.36,92.65,-11222.237500000001
37.31,20.1,296.93,33.95,10447.762499999997
82.01,12.04,-217.41,63.11,-58750.2295
39.66,67.12,90.31,-50.31,34038.8245
23.8,-4.06,-148.28,22.87,-28079.2515
-134.13,3.0,71.08,24.73,1092.0164999999986
75.51,10.26,211.03,13.25,10513.007499999996
24.36,19.65,72.67,34.19,-11547.0055
225.9,-51.71,-172.77,4.01,-31439.9845
239.78,58.58,152.17,67.68,-31464.231000000003
37.03,17.92,151.9,49.77,-12324.091500000002
-75.06,29.92,94.55,-4.33,15854.7435
-127.75,16.91,-109.03,44.54,-27582.368
84.7,3.47,30.04,39.44,-21772.093
15.47,-2.43,153.71,78.33,-26084.993499999997
-68.77,13.36,68.99,61.68,-21608.306000000004
8.72,15.32,522.52,-3.55,54186.6875
-124.0,50.43,151.22,6.68,18579.349000000002
139.61,22.11,58.65,59.83,-32084.668500000003
-89.43,5.33,196.52,-9.65,29238.912500000002
244.9,79.53,-121.09,48.0,-48790.28
80.7,-34.78,184.15,9.65,9007.672499999999
118.72,-36.91,423.36,45.27,12568.593499999997
-218.98,22.41,-76.75,46.15,-20484.797500000004
33.88,2.57,159.77,41.24,-7001.738000000004
148.11,-52.11,253.42,7.6,13536.34
-190.74,-0.93,-238.67,31.01,-30456.1945
-53.24,-14.87,427.78,66.61,10822.8805
6.52,49.59,-109.0,24.46,-23450.002000000004
-274.62,-11.74,32.99,43.4,-5526.065000000002
63.03,46.77,176.13,79.46,-26339.162000000004
169.23,26.09,53.48,87.29,-48303.1005
-171.9,2.78,260.59,76.64,-4844.4630000000025
70.11,10.74,130.19,34.28,-8255.726000000002
-262.46,25.0,213.95,33.08,17794.729
-7.74,-70.78,114.99,24.7,-1740.2100000000023
-323.15,21.45,394.4,14.64,48593.512
224.28,-3.27,-303.1,25.08,-54863.001
81.78,72.93,172.82,-12.33,20531.2035
-4.92,-14.19,39.88,47.34,-20500.848000000005
-155.03,49.99,-91.81,21.46,-12114.512000000002
254.75,-78.02,-62.32,63.94,-53286.157999999996
393.42,38.51,-14.4,61.5,-52827.93
-371.6,19.66,215.68,71.79,3170.634500000002
247.23,1.35,-79.23,6.7,-23869.96
325.53,5.77,67.36,23.2,-21728.22
67.6,0.88,155.05,8.09,7956.334500000002
-239.85,24.81,-131.16,-16.77,7922.036499999998
172.67,5.3,322.47,9.89,18537.4595
-36.18,-52.57,584.32,6.22,56723.956000000006
-120.78,3.5,-34.8,63.92,-30631.554000000004
-246.01,88.22,283.89,-52.17,69120.1065
110.11,11.64,38.06,45.31,-25160.984500000002
158.56,20.18,206.67,22.39,1283.4094999999977
-124.71,-5.33,63.66,16.27,4172.1185
104.12,16.09,541.73,20.82,38479.95100000001
-228.87,16.23,35.13,43.97,-7616.221499999999
160.37,0.86,258.79,27.06,3784.5629999999974
9.31,40.21,221.47,101.35,-30553.8425
-37.31,-22.31,-116.79,35.91,-28687.074500000002
-20.35,5.44,-332.05,15.87,-40607.501500000006
173.78,27.68,215.82,14.11,5901.4205
150.08,0.65,268.9,23.51,7203.515499999995
105.89,-32.84,-7.34,77.72,-46843.639
27.54,29.54,-26.67,46.29,-27858.165500000003
15.56,-24.38,295.36,71.31,-8472.389500000007
123.68,-5.66,270.57,-7.93,25016.8635
46.5,-18.99,291.18,15.39,18777.5595
136.51,6.12,152.28,32.09,-8172.825500000003
-62.02,-5.03,-57.66,23.98,-15184.476000000002
-486.97,-6.61,-143.59,51.09,-16424.6855
207.76,33.83,-298.63,61.55,-72122.06749999999
437.4,71.69,88.46,19.02,-22287.704
88.27,-2.51,483.83,-56.16,73431.957
-20.03,28.29,195.58,2.32,19691.746000000003
-27.29,-2.44,84.05,-6.02,13019.419
-23.81,13.46,-204.15,47.48,-43941.986
3.48,49.47,-33.59,91.3,-50553.865
-224.4,11.76,100.99,40.29,672.4744999999971
-103.42,-18.54,55.56,84.59,-33516.395500000006
-199.41,-15.55,281.67,40.14,17328.732
49.76,-11.59,68.28,63.69,-28865.7155
-59.33,9.53,239.06,39.72,6462.005999999998
99.04,40.03,77.16,52.66,-24192.482
-34.94,-37.56,62.05,2.19,6441.4195
197.27,-26.31,351.83,20.7,14270.990000000002
42.71,-22.36,-50.4,75.24,-46609.003000000004
438.14,-51.23,43.39,57.89,-48490.90050000001
-379.27,56.41,-158.55,-10.66,9345.701999999997
-129.38,8.73,119.35,62.25,-13820.212500000005
180.3,76.53,313.9,66.95,-11586.412500000004
505.67,-39.85,236.28,21.73,-13558.1985
-49.73,55.3,246.8,40.02,7046.485999999997
8.73,-14.56,310.61,12.78,24086.279000000002
-45.26,-4.26,225.04,39.25,4430.3475
266.29,-24.61,251.65,34.71,-6488.6145000000015
-57.46,-23.25,180.74,18.44,11288.907000000001
136.01,-36.33,-95.08,28.78,-31758.121000000003
-63.96,17.57,205.22,13.72,16970.001
-254.51,-36.0,289.18,50.67,15187.913499999999
62.71,1.54,-78.38,10.67,-16560.4765
100.64,9.68,147.2,40.62,-11337.879000000003
258.65,33.33,316.56,38.42,-820.4990000000039
-22.09,13.51,25.3,6.36,507.72799999999984
-123.47,21.25,-164.22,18.04,-19432.728
112.55,28.0,112.31,39.38,-14491.901000000002
48.15,9.4,418.74,71.23,2576.101499999995
56.13,22.72,-82.59,10.78,-16537.071
-14.62,-24.29,78.92,26.28,-5218.951000000001
232.07,-17.14,-50.21,24.41,-29689.514500000005
73.9,76.41,28.21,-22.6,11633.990000000002
380.93,9.59,146.95,25.56,-17638.727000000003
222.21,-14.87,395.36,52.56,1005.5779999999997
131.81,58.3,-43.33,53.44,-38175.058000000005
-325.49,4.51,-41.73,15.6,4141.664999999998
120.46,-12.63,-74.5,46.07,-37678.8965
84.06,-40.71,-118.76,22.53,-28357.633500000004
162.19,37.28,-206.94,40.73,-49843.1935
208.89,-28.02,-70.25,58.08,-48179.356
-80.18,-8.87,78.84,10.09,6666.9845
164.8,32.54,108.17,44.39,-20327.050500000005
-112.46,16.43,334.49,-19.2,49445.47
390.98,6.98,-64.32,59.26,-57029.926999999996
-266.39,2.51,-55.99,-16.37,16388.311500000003
-352.14,50.11,-51.37,28.09,-1487.4205000000015
-330.14,88.06,139.15,24.31,18961.9255
-178.11,-9.21,68.31,55.85,-13281.757500000002
-223.82,29.91,255.44,83.68,-6352.2210000000105
391.22,77.51,-57.83,24.36,-37405.812000000005
-65.3,47.77,282.65,30.26,16438.172999999995
-268.54,-14.04,288.5,-1.76,43325.712
222.88,-5.07,47.51,46.96,-30987.572000000004
-117.3,-10.93,-24.51,59.94,-27824.673000000003
-247.37,-21.97,136.23,65.3,-7917.990000000004
175.17,-11.84,-58.31,0.12,-14897.544
124.67,19.17,498.44,3.8,42134.7
-86.99,-10.55,128.18,57.14,-12603.803000000002
281.51,40.67,258.49,58.18,-18106.306
25.82,14.31,-153.42,-31.5,-115.08999999999506
323.39,-3.9,-250.15,5.5,-44365.585
100.55,41.01,237.45,-35.85,37911.2175
311.76,21.16,203.18,24.26,-7708.877
21.88,19.27,-52.12,34.25,-23881.7375
-243.95,46.4,-13.36,40.47,-9665.776500000004
489.87,30.06,-35.99,43.56,-50758.712
-109.15,6.19,145.57,49.72,-5648.489000000001
-39.77,42.81,284.77,26.98,17175.383999999995
-140.08,20.83,-208.97,-15.36,-5744.347999999999
-40.68,112.11,195.75,36.41,3983.485499999998
48.53,48.45,-74.83,52.54,-36712.448000000004
40.37,50.36,-6.19,-12.37,4356.476500000001
132.2,55.18,67.91,0.97,339.4885000000007
358.43,12.79,-172.29,66.04,-69730.74300000002
-24.09,55.95,668.79,78.9,27899.599999999988
-246.62,10.82,585.0,16.05,62908.4275
-236.46,-19.09,250.45,-9.13,41637.6985
-133.15,-9.74,231.2,12.05,23600.6125
-334.84,28.48,-108.72,5.13,3571.1214999999984
165.01,-44.64,575.47,16.28,40576.114
-99.64,17.29,103.66,54.68,-12811.201000000003
-62.2,-15.49,75.32,-27.66,24909.392000000003
-0.38,35.14,340.8,-31.31,50959.8795
-279.32,-16.12,152.16,88.29,-16752.530500000008
-172.26,75.53,-55.32,5.87,837.4634999999996
134.94,36.87,56.22,65.51,-34816.20450000001
123.71,-34.41,24.78,-25.36,9176.862000000001
-88.63,71.56,112.93,55.76,-12395.992000000002
362.11,2.05,210.89,-12.42,9367.824000000002
-261.15,-15.46,206.55,0.38,33614.97900000001
-69.0,-25.83,360.24,-11.9,45660.39
-46.17,29.87,99.18,46.34,-11477.303
-558.62,62.66,291.61,-1.24,58811.653
387.51,-10.24,441.33,0.05,24519.4875
73.27,-24.92,-145.2,50.21,-44649.3195
-208.92,-29.89,242.51,77.04,-5484.438000000013
410.23,62.37,-114.47,42.88,-53876.971000000005
117.13,68.48,-201.42,37.83,-45157.0285
85.91,-2.2,416.93,53.4,9641.34
-121.4,28.82,327.1,80.03,-2350.8035000000064
21.24,9.9,204.67,22.55,7922.3175
-305.14,7.88,4.61,0.66,15648.938
159.01,43.74,400.71,85.29,-11716.290500000014
-74.89,25.43,-173.43,72.45,-51083.84750000001
26.81,21.53,113.48,-6.42,13600.509
240.41,-0.24,197.04,54.4,-20752.885000000006
56.95,38.55,357.43,42.23,11481.321500000005
52.49,0.13,-205.29,27.87,-37710.796500000004
55.3,11.75,-512.83,-4.57,-51733.923500000004
-146.65,17.68,123.07,-12.32,26362.074
167.2,-32.04,163.49,13.57,618.4385000000036
308.67,-0.47,134.74,27.84,-16631.618000000002
151.76,-0.94,-75.45,79.23,-56550.6485
176.98,13.54,91.17,-11.97,6618.181500000002
-175.46,-28.91,-208.02,60.55,-43836.872500000005
-173.56,-31.53,184.12,36.39,7922.909500000001
-288.18,66.82,278.52,54.48,14849.133999999998
246.45,50.48,-46.41,90.68,-63813.11600000001
-50.84,41.12,-300.79,16.69,-35878.3655
279.97,73.87,74.04,34.14,-23701.943000000003
-156.38,24.69,60.3,-20.45,24862.8775
-87.5,6.81,83.88,9.9,7823.699999999999
19.09,26.88,360.72,76.85,-4398.297500000004
184.29,-55.78,127.72,90.74,-44331.608
12.15,-28.43,516.82,35.02,32806.52100000001
42.22,36.55,176.15,28.43,1105.5364999999997
3.31,11.14,-117.45,43.82,-34652.729
35.44,-34.72,326.72,38.91,10490.130500000001
-223.29,33.05,81.93,97.58,-30884.006000000005
16.19,44.96,2.25,-0.31,77.89949999999997
-37.32,33.38,155.88,-20.55,28621.0675
-11.36,8.94,122.96,7.65,9092.537499999999
98.47,-19.26,-211.72,-11.33,-20541.016499999998
-136.14,13.77,-69.9,33.41,-17354.5495
-16.9,24.94,330.4,31.69,17836.199499999995
-59.47,-2.55,135.19,-14.8,24293.315
83.46,31.11,227.8,29.01,3921.320499999998
156.95,21.01,304.03,21.19,11871.949499999995
-191.09,21.66,458.52,37.2,36652.494999999995
117.18,-61.14,-27.82,10.77,-14986.276500000002
413.16,47.84,-40.68,17.98,-33858.961
-294.23,70.35,-84.9,21.36,-4060.3219999999997
-166.03,-4.09,-20.09,69.87,-29945.5165
-176.12,-41.69,-82.52,-4.05,2305.9174999999987
-55.82,32.36,97.0,12.53,6271.161499999998
324.57,-6.3,78.35,31.95,-25173.457500000004
2.67,-23.85,216.25,27.82,6822.6359999999995
-138.94,52.62,-138.13,64.69,-39975.085499999994
124.36,-38.42,-30.76,20.9,-20727.625
-119.96,35.11,171.89,40.39,2564.3444999999974
224.68,-33.67,239.73,30.98,-3644.521000000003
61.05,61.18,-363.32,4.38,-41182.656
277.76,28.08,-20.41,20.78,-26518.916
-132.27,0.99,49.28,29.14,-3491.483
606.17,15.23,-308.23,6.03,-64639.32850000001
164.92,30.37,189.74,107.89,-44986.9355
130.92,39.05,340.83,36.7,8812.385
-10.24,38.97,-288.62,61.37,-60025.4515
-145.12,29.14,-212.99,79.97,-55423.04150000001
-173.55,-6.71,290.44,90.13,-9058.808500000005
-27.2,33.24,327.07,-24.09,47017.4255
-159.45,-35.9,-154.56,10.77,-13535.591500000002
56.54,45.14,-97.52,-12.04,-5934.942000000002
-165.22,40.56,231.88,15.28,24192.904
124.22,58.79,51.4,19.3,-10581.12
191.22,-10.61,-4.26,-14.15,-2806.207499999999
-141.17,16.52,418.83,63.31,16473.11049999999
238.54,40.04,159.56,68.24,-31057.668
-47.59,21.13,-263.89,8.78,-28493.396
231.06,-4.93,150.66,50.42,-22759.264000000003
87.63,20.76,-181.05,55.62,-51405.939000000006
224.47,12.38,248.41,49.85,-12151.422500000006
-199.4,44.85,296.4,-10.74,45883.868
-21.36,-12.0,187.71,103.36,-34013.72700000001
290.29,21.88,285.56,92.62,-33964.164000000004
-123.61,20.25,492.86,15.32,47938.056
-407.44,36.51,245.34,16.1,37190.29
-388.52,7.45,25.61,-9.92,27453.273999999998
-501.29,14.46,-118.66,48.45,-11639.087500000003
-422.83,7.52,144.89,29.9,20426.614999999998
-82.33,11.19,-107.01,44.46,-29566.762000000002
255.71,10.29,-187.75,17.37,-40789.8115
-88.45,-1.44,7.63,-7.87,9312.051500000001
64.71,108.96,-255.66,1.17,-28388.951499999996
-22.0,-19.54,-160.09,11.48,-21114.851
1.71,-31.07,200.23,34.48,1766.4489999999996
-33.64,-17.85,4.95,23.17,-9936.8165
-34.84,-14.85,38.67,53.37,-22274.6465
92.23,10.4,94.82,50.34,-21274.578000000005
-235.2,60.08,-290.84,58.02,-46901.599
202.03,69.09,137.24,38.9,-16004.005
184.0,18.31,99.23,85.68,-43667.056000000004
-39.01,-77.44,90.96,94.32,-38805.579
161.08,23.45,168.57,15.26,1091.0429999999985
-140.27,-35.87,-332.99,-1.73,-25842.956500000004
-107.44,-7.52,482.37,53.01,26231.0405
31.25,-30.24,39.33,47.62,-22826.829
-38.04,24.9,-186.84,54.08,-44851.936
-89.75,-11.93,122.31,15.07,8840.643499999998
-134.49,37.02,-154.23,-0.73,-7927.9015
-111.5,26.71,113.28,25.3,4156.879999999999
187.83,1.6,208.12,82.1,-31293.96
-388.66,12.82,-163.78,23.93,-9193.268499999998
70.5,42.11,269.09,50.88,-2548.7260000000056
-47.29,-3.02,126.22,13.11,8176.9055
145.56,42.05,169.82,3.61,8280.880499999997
103.01,9.32,180.81,5.98,9879.198999999997
-556.51,19.43,202.49,-37.55,68185.3625
116.93,37.97,324.07,10.34,21587.282
64.85,56.6,272.09,56.5,-4647.025000000005
4.37,28.23,197.38,31.3,3599.9649999999974
-93.73,12.04,-52.87,4.62,-2808.859
170.66,35.22,157.27,28.39,-7240.940500000001
-82.61,-44.09,-11.57,37.79,-17122.4005
366.94,67.36,-189.75,54.97,-65495.891500000005
112.88,-36.39,91.72,8.06,-1098.6919999999996
427.57,41.63,-82.56,29.77,-44968.856499999994
-157.11,-9.75,327.03,39.99,19866.989499999996
-351.19,27.75,92.46,61.6,-4708.890000000004
142.96,5.92,109.05,-7.52,7678.268999999999
170.54,20.63,255.04,20.83,6414.091499999998
7.07,-18.03,16.38,-23.97,13608.6365
-307.76,-65.62,48.68,4.81,17206.3655
-89.58,24.23,332.93,40.11,17368.210500000005
123.6,-11.02,-176.74,81.28,-66391.32600000002
-36.84,-12.7,-73.39,22.85,-17512.5175
-23.2,-15.39,73.26,17.95,-952.692500000001
-35.09,79.45,256.96,0.02,28500.771
-186.78,-10.38,149.96,-11.0,30072.22
-106.6,21.44,-131.5,4.15,-9666.237500000003
-285.31,-30.62,-83.95,48.62,-19703.559000000005
353.59,63.31,438.89,-32.88,43997.471000000005
-95.07,-9.47,163.25,23.82,8743.925999999998
95.52,-81.02,-23.69,9.51,-12890.8745
-204.38,104.92,3.14,-1.37,12407.3065
158.91,-28.44,848.05,37.14,57501.15699999999
-374.63,55.81,368.05,6.23,53253.5115
184.12,35.66,-227.29,-2.63,-30421.6315
-7.07,32.83,8.25,12.49,-4869.405500000001
422.12,1.9,244.56,-16.33,11800.828499999998
-261.31,16.62,44.9,-19.34,27914.708000000002
15.28,52.84,327.81,6.1,29596.02
73.45,-0.53,452.85,-4.36,44102.37700000001
246.58,18.8,101.51,56.73,-31653.1235
-84.57,42.49,158.95,27.54,6500.1619999999975
17.29,12.92,66.27,-4.92,8512.264
-428.49,-4.87,276.56,26.82,35423.501000000004
-166.03,60.81,399.99,51.03,22658.061499999996
90.32,21.96,286.88,47.29,-14.320499999999441
220.83,5.62,-116.6,81.44,-65178.683000000005
-56.35,-17.16,250.87,5.92,24809.476000000002
411.27,-25.2,-15.75,68.49,-58351.42049999999
352.05,41.28,449.67,18.93,17963.781499999997
-12.13,43.22,195.26,32.29,3802.0344999999975
-482.7,-65.97,311.63,4.25,52802.0075
-355.51,-11.54,95.79,-1.15,28085.157500000005
-155.57,43.77,93.53,84.5,-26424.040000000005
223.17,94.85,186.16,86.74,-36714.453
62.05,85.26,93.84,38.88,-13129.491000000002
-418.85,42.97,415.78,55.03,34774.52649999999
-45.75,58.07,-128.44,36.44,-28931.787999999997
322.67,-8.46,237.08,77.46,-32926.432
-74.96,37.11,-17.33,-23.42,14623.909000000001
-149.99,-33.3,272.21,78.9,-6465.475000000008
410.92,-9.67,-259.42,-20.4,-36294.805
10.68,21.23,357.23,77.97,-4890.696500000004
-95.83,85.88,38.13,94.2,-39434.630000000005
70.03,36.18,-146.73,-7.59,-14018.624499999998
3.43,19.58,243.34,8.74,19943.482
-85.83,4.05,61.64,29.63,-4840.633500000003
241.69,-36.29,155.43,55.04,-25613.753
223.14,31.1,345.58,-35.08,42035.026000000005
168.17,-2.22,-118.24,25.29,-33511.0155
-20.58,18.37,-47.28,49.99,-29437.590500000006
229.38,-21.13,116.08,53.57,-27944.0515
-9.94,14.24,213.5,49.51,-3692.9594999999995
93.33,-43.8,-40.72,16.42,-17842.754
206.74,27.64,-58.63,17.67,-25205.426500000005
161.77,56.19,254.27,13.08,11183.259000000002
357.95,41.99,296.73,105.87,-42808.836500000005
90.26,83.98,379.45,-0.92,34966.36899999999
-336.81,21.36,40.97,37.28,1907.8139999999944
-232.03,27.69,-416.45,20.49,-40581.345499999996
270.02,28.02,204.68,25.09,-5818.1404999999995
-66.26,-20.79,251.99,39.63,7915.946499999999
77.31,85.36,-193.36,12.55,-29010.892499999998
-170.29,44.6,118.08,31.13,4735.2365
200.18,1.5,155.06,16.53,-3103.0785
-76.97,-21.6,168.07,52.0,-6542.280000000001
291.62,30.35,7.06,17.98,-23001.336000000003
-106.45,40.01,116.69,31.73,1073.4864999999968
223.63,14.83,220.08,30.16,-4713.152
134.88,16.51,-255.23,86.55,-77425.75749999999
-144.48,3.42,282.22,85.62,-8888.689000000002
219.8,9.9,26.83,-5.98,-5189.213999999999
-180.33,56.73,252.9,6.04,31980.642
-164.49,59.02,-40.52,-13.83,12051.798500000003
144.34,-42.51,-242.35,18.33,-41624.4885
-125.07,14.86,336.23,26.17,26608.183500000006
-118.77,-32.14,428.23,8.06,44501.833000000006
-68.78,-36.75,-272.11,39.36,-44704.422000000006
-200.03,30.51,-158.46,13.5,-12561.265000000003
209.0,-19.45,118.83,27.27,-12977.631500000001
121.7,-100.37,-109.87,-27.08,-4119.024000000002
-13.87,32.58,252.05,48.0,1442.8300000000008
-21.68,54.87,-59.41,-0.3,-4157.424999999999
90.03,81.36,-3.52,15.33,-12117.4935
353.07,-3.87,142.29,47.36,-28194.797000000002
174.19,60.59,-335.65,-14.05,-34495.17249999999
-101.69,-81.74,36.02,59.72,-23104.398999999998
155.48,-26.52,502.93,36.97,23222.028500000004
-23.75,28.16,217.38,36.64,4360.056999999999
-39.8,26.5,-99.82,-13.21,-883.845499999999
373.29,56.21,309.2,-11.15,18665.0675
-83.79,43.48,512.64,31.03,40029.51149999999
-95.84,7.15,354.93,19.94,30184.847000000005
-390.42,63.52,-16.92,11.52,12711.205999999998
-280.47,34.03,-31.52,25.23,-1792.5335000000005
90.22,70.1,25.9,2.08,-2343.7459999999996
-138.98,-18.15,-109.81,24.5,-16917.305000000004
103.08,20.51,105.84,45.06,-17792.972
-222.97,-5.04,-101.14,2.17,-14.361499999999282
-153.46,38.21,-75.05,3.65,-1356.4124999999995
134.91,2.32,164.16,25.24,-3446.7130000000025
292.18,1.19,-12.72,14.96,-23831.747000000003
118.49,-36.43,59.12,26.43,-14190.8235
239.57,20.79,529.64,30.71,25402.8805
340.92,49.04,173.64,-23.02,12673.079
208.02,45.29,338.06,76.24,-15679.003
-183.69,-95.56,187.58,22.68,15296.999
-21.07,-46.69,220.6,31.1,6617.004999999997
126.04,80.18,-169.84,-7.26,-18737.533000000003
-82.97,3.43,-9.39,20.98,-7543.586000000001
90.39,4.79,47.55,19.59,-9980.900500000002
-315.83,50.79,10.67,-2.56,18869.576999999997
-165.73,16.88,59.42,21.72,3252.520999999998
105.78,-12.14,131.98,-17.92,17169.274
-447.42,2.66,55.48,96.71,-22154.6195
-221.54,76.4,237.92,35.01,17721.2655
-3.54,-38.35,50.44,43.03,-17545.808500000003
-343.88,55.54,316.79,36.92,30544.920999999995
11.42,-0.93,97.38,4.36,6901.842999999998
-159.91,0.51,-18.94,30.64,-9706.498000000003
-58.32,75.2,-150.28,-51.31,15331.749500000004
-51.8,-12.5,-53.88,-2.0,-1906.8300000000008
37.86,39.23,49.14,45.87,-20338.856499999998
-112.76,-2.71,340.41,20.68,29124.594
17.94,-40.12,-154.37,-36.7,2198.3800000000024
-120.23,4.19,308.03,-14.9,44833.59
111.21,50.91,81.65,54.04,-25010.933
338.76,3.49,-66.29,-24.14,-11185.206999999999
39.37,29.23,-163.82,30.68,-34096.106
33.97,16.6,209.8,-26.1,33015.19000000001
-232.8,11.64,-281.25,55.75,-45389.3425
138.67,-4.61,7.7,44.61,-29543.524500000003
-151.61,14.61,11.93,56.66,-20452.502
-161.77,-61.15,67.37,18.7,4595.1
111.49,-5.69,216.24,40.33,-5080.878499999999
36.21,-53.14,-22.93,35.42,-23099.899000000005
221.44,19.44,124.07,-10.04,6748.843000000002
288.58,22.41,-143.57,31.85,-45330.45249999999
-107.94,-17.86,111.54,8.68,11918.673999999997
25.68,38.05,221.67,-7.54,25367.893
352.08,23.85,29.66,-5.07,-11866.5935
193.31,20.28,173.73,62.84,-24841.138000000006
142.61,-2.65,120.93,54.31,-23334.134500000007
261.24,26.55,31.14,18.39,-19284.5605
-120.92,46.9,87.84,-32.19,32238.5555
127.32,-13.12,61.0,47.06,-24873.817000000006
281.85,-18.59,-294.85,64.4,-77584.05500000001
324.18,51.62,-199.83,48.61,-61150.86950000001
-161.24,-71.14,186.57,22.08,14733.159000000001
-50.33,-81.61,-317.67,-12.97,-23387.388500000005
76.54,-53.52,331.68,27.0,14889.760000000002
-57.8,16.36,-181.99,2.64,-16550.273000000005
-78.36,15.33,106.11,5.86,11760.763
136.8,27.38,194.43,27.24,-1261.0130000000006
-70.68,12.66,-27.35,10.48,-4498.151000000002
-357.58,63.81,332.52,31.75,35623.717499999984
72.37,65.15,-174.17,57.42,-50382.91400000001
-84.9,50.57,281.35,-15.52,41172.184
-146.31,-30.45,129.71,37.58,539.2939999999976
-313.15,22.73,69.76,41.94,1259.4669999999965
202.76,-20.32,302.34,20.89,9055.209499999999
-445.42,-7.52,207.85,-31.67,59806.60650000001
-339.87,-25.82,-140.9,3.27,1053.8034999999998
-55.17,10.37,382.36,97.99,-9661.555499999997
245.79,29.04,300.8,51.28,-8446.471
261.94,12.75,120.76,-6.36,2402.477000000002
-231.0,-31.77,129.94,18.04,14923.857000000002
-35.53,-43.41,367.25,16.48,29607.638999999996
-302.09,-16.67,431.63,32.47,41608.4735
202.24,-17.22,222.53,38.65,-8089.257500000002
-295.31,37.45,-132.52,53.59,-25916.6155
-28.64,-1.17,124.05,33.39,-3464.345500000003
206.6,3.4,264.0,3.27,14431.2685
-44.48,4.51,-66.9,56.5,-33842.780000000006
294.03,48.39,-141.17,6.37,-31803.7915
-174.0,67.26,101.16,46.05,-4355.3425000000025
73.84,24.95,122.47,84.05,-34937.3225
170.66,1.31,175.57,33.69,-8458.330500000002
-27.94,59.09,346.06,-20.48,47434.111
277.26,25.34,-336.49,48.2,-72635.885
109.63,-4.74,119.97,41.45,-15083.932500000003
-327.49,45.37,58.86,-2.18,23965.170999999995
791.72,17.25,103.15,48.4,-54587.28
129.73,-40.19,133.49,31.33,-9862.4235
21.47,31.94,305.15,-2.73,31435.278499999997
-279.76,20.49,211.79,34.81,17637.005499999996
16.35,-54.98,90.86,24.54,-5118.9580000000005
-91.99,-65.29,117.82,-25.54,29095.613
128.87,14.77,121.07,36.3,-13098.85
74.33,33.92,73.41,-18.2,13447.269999999999
370.6,31.3,364.4,43.72,-4572.224000000005
28.45,-37.63,-282.45,-13.45,-23273.082499999997
102.7,-2.15,-180.3,43.7,-46169.61000000001
74.49,33.33,419.53,32.99,21548.369499999997
-29.7,-43.75,214.73,-15.37,30645.0365
-36.68,12.98,226.13,43.32,2189.810999999996
220.2,17.47,331.64,60.86,-9144.562000000004
156.01,42.33,-303.67,-17.6,-28719.524999999998
-125.89,-75.89,387.83,1.06,43934.808
-222.69,15.07,-133.29,-4.91,556.9545000000015
-13.48,80.63,-96.55,17.96,-17450.292
232.29,-11.74,307.25,70.68,-17723.08600000001
-5.51,-1.07,-131.14,27.12,-27014.854
349.29,43.39,206.18,68.86,-32354.747000000003
-155.01,-16.71,385.47,21.1,35405.29
28.33,50.49,-29.92,65.05,-37876.0425
-503.26,28.92,-17.82,8.52,19564.756
-119.13,-45.09,234.41,14.96,21350.832999999995
-61.82,13.52,279.26,-22.6,43124.159999999996
102.19,-41.06,168.35,51.0,-15226.300000000001
342.13,43.34,-216.27,21.9,-50016.905
6.99,-48.82,422.04,12.62,34977.106
290.78,-53.41,224.5,-4.21,9543.9395
132.34,-29.81,-371.37,45.03,-67674.9235
197.27,-18.11,-79.96,36.77,-37346.2765
-93.23,56.02,-112.01,-2.67,-4645.348500000002
277.0,9.36,-55.54,68.4,-55039.79
-214.59,20.19,151.21,27.04,12223.107000000004
99.03,47.62,-43.05,21.9,-20226.524999999998
-190.41,-14.42,344.99,82.35,1309.8424999999982
-103.63,-10.24,321.75,24.58,24762.358999999997
-292.28,-19.66,114.85,23.93,13624.216499999999
-103.27,37.47,-110.65,18.22,-14962.114
70.22,67.16,99.88,94.39,-41902.58550000001
-13.75,19.06,181.35,94.09,-29813.36050000001
-269.55,-11.81,332.49,59.23,16090.511500000004
294.15,-8.21,7.14,24.31,-26821.8295
67.44,-28.93,115.94,10.11,2676.8855
201.61,35.59,-99.35,42.42,-41947.564000000006
157.05,-27.2,7.8,30.96,-23528.807000000004
-132.97,1.09,333.67,-17.81,49550.0095
-389.01,-30.91,419.24,64.31,27980.630500000003
-183.08,-56.48,31.01,14.71,4095.3654999999994
245.03,-78.9,47.17,49.46,-34188.567
-210.71,-21.15,-52.13,26.44,-8653.473000000004
163.21,17.63,-205.92,27.82,-43163.529
-122.48,-1.12,174.55,-10.3,29062.920000000002
78.62,2.17,194.54,3.6,13716.584999999997
-364.78,-27.5,220.89,10.39,34908.6095
233.42,-22.61,105.23,29.34,-16788.613
-7.93,-27.37,205.84,40.15,-78.74749999999739
177.17,17.39,133.08,21.34,-6485.182999999999
37.97,81.67,348.89,7.14,30337.802000000003
159.61,5.23,174.92,61.59,-22471.505500000007
-20.39,-37.92,390.27,29.72,24399.265999999996
148.67,54.54,314.47,44.27,1726.2285000000052
-301.91,-24.95,171.8,41.22,10785.871000000005
-216.14,29.51,-148.46,3.62,-5570.014000000003
145.09,-5.49,203.45,10.83,7398.651499999997
-7.84,12.84,164.15,55.67,-11962.6365
-45.75,130.14,483.72,88.67,6141.5935
-35.92,-16.16,248.47,44.2,3538.4449999999965
100.35,-10.53,-126.25,9.75,-22951.5625
-118.67,23.13,-58.57,66.86,-34420.272000000004
102.06,9.23,292.79,-19.26,34449.267
-183.16,-4.21,61.38,4.79,12911.6695
-81.45,-14.09,-140.58,68.13,-45521.7585
196.99,30.67,198.15,17.21,1368.7204999999983
214.25,47.71,198.73,75.41,-29621.339500000002
-219.43,-23.32,76.29,-21.5,29685.985000000004
167.73,-29.78,272.32,10.29,13281.1145
-207.84,74.05,79.15,40.02,-1509.599000000003
146.6,-39.88,472.96,35.79,21146.894499999995
-379.76,35.04,-119.5,38.34,-12385.683000000005
-223.42,25.37,281.58,29.03,24818.64149999999
-101.79,-28.6,298.2,11.2,29005.684999999998
-33.3,36.58,353.37,59.83,6465.1014999999925
284.72,-28.61,74.95,10.08,-12341.386
180.8,-28.13,17.4,-7.68,-3671.6190000000015
315.09,-38.63,448.14,26.68,14816.454000000002
241.32,39.2,209.31,-47.15,33734.2825
-56.57,-5.73,-17.03,54.93,-27542.3835
-53.27,47.98,266.47,44.73,6708.581500000002
213.79,-18.35,417.42,27.8,16485.739999999998
8.07,31.51,233.28,9.32,18608.685999999998
-31.4,59.26,-45.2,-24.25,10244.362500000001
-267.04,6.99,295.88,-21.73,54497.4635
-21.29,-29.39,-207.51,50.39,-46378.0205
-558.2,-1.99,255.36,32.95,36650.837499999994
-91.22,53.99,295.67,41.35,13319.752500000002
-195.98,35.87,55.61,25.71,2458.080499999998
138.51,-3.51,155.43,39.11,-11753.664499999999
-95.73,-51.05,130.06,-17.85,26646.092500000002
-65.81,35.04,-7.16,49.31,-22712.964500000006
269.42,67.08,-71.52,40.83,-41327.483499999995
-209.81,67.7,44.26,56.74,-13794.818000000001
63.33,25.15,-24.4,33.37,-22717.3865
-379.05,3.31,402.77,-0.45,59893.63749999999
17.95,-17.51,-171.05,44.23,-41310.728500000005
82.05,-10.04,459.84,-5.39,44795.650499999996
171.97,-47.74,52.92,59.7,-34980.54
-179.74,84.71,-54.21,39.53,-16077.4185
63.93,9.06,-8.85,10.19,-9376.2855
63.63,93.45,-108.19,41.16,-34544.407
-3.85,7.39,-306.43,77.78,-71036.636
30.0,-46.64,263.2,0.45,24208.347499999996
92.71,75.15,69.27,80.89,-39083.28550000001
79.58,-20.09,-67.69,32.93,-28227.838499999998
-199.2,-5.33,-161.17,63.16,-38982.652
-239.17,67.7,-12.57,38.77,-8539.256500000003
501.2,61.06,-150.3,44.44,-62824.218
383.96,-60.92,359.71,83.94,-27557.318000000007
-278.34,10.04,-279.26,35.62,-32542.349
90.04,-28.13,-91.64,25.53,-27292.3435
125.49,28.87,-76.6,35.65,-32287.6625
150.27,73.43,195.04,62.87,-19956.6315
28.08,-8.11,150.75,23.58,1402.0790000000009
-185.37,62.26,71.04,2.32,15976.060999999998
-36.48,-22.5,65.56,23.24,-3821.3679999999995
-98.23,86.03,179.61,47.23,-560.6785000000004
26.87,-18.9,-59.09,29.59,-22876.5255
-53.67,-6.22,196.73,42.43,303.1764999999982
-26.34,20.39,-164.55,7.42,-18844.039000000004
203.71,-39.02,208.06,70.81,-26705.289500000006
246.11,64.24,-1.45,41.59,-33562.575500000006
-236.22,-27.45,325.68,41.66,22637.717999999997
-91.99,31.49,-144.67,30.92,-25607.559
-158.16,-35.12,9.3,48.41,-16577.284499999998
244.74,13.84,-64.18,27.53,-33003.728500000005
-11.87,9.63,288.04,25.67,16314.058499999997
289.8,-3.59,-182.26,53.77,-60953.79150000001
-95.52,27.12,276.83,20.93,22077.5965
5.2,-29.09,192.64,28.31,4057.3855000000012
-269.74,63.27,213.19,-11.58,41793.901000000005
260.51,17.09,-37.63,22.87,-28686.0865
-72.52,-87.7,195.07,-7.32,26209.179
-297.03,80.19,450.14,1.84,60185.582
-118.49,25.84,-38.26,9.91,-2748.394500000001
-460.98,64.37,150.64,87.15,-6238.872500000007
-6.36,3.81,47.38,63.31,-27821.17450000001
22.5,-69.19,-120.07,39.72,-34571.144
57.62,-4.69,-64.97,39.15,-29829.3375
299.62,-32.91,204.97,65.59,-28999.1755
-60.2,8.65,90.92,-32.27,29053.106500000005
161.49,-6.9,-390.58,-7.18,-43701.904
62.45,17.32,206.46,28.23,3109.181499999996
-38.66,-51.75,36.48,6.79,1661.4794999999997
-415.36,11.88,283.55,-8.95,54202.372500000005
189.5,-6.09,-28.73,17.35,-21452.5475
-100.79,32.17,561.39,48.69,36528.6245
3.59,-49.23,-89.75,58.55,-40149.17249999999
-254.09,-4.88,253.25,27.9,23681.625
56.6,68.04,-115.09,38.7,-33870.93
21.61,-31.34,138.99,48.44,-12643.318000000001
5.88,35.83,-129.5,-47.61,11845.7095
-26.96,56.57,350.97,49.21,11548.625499999995
209.84,9.65,95.78,-32.3,15945.86
193.24,44.6,398.95,39.62,10189.356
145.18,46.45,80.54,46.26,-22847.492000000002
664.22,64.94,-224.87,47.94,-80358.48800000001
-120.05,-2.87,-68.62,12.46,-7286.577000000002
-75.9,6.07,21.57,47.79,-18847.5455
-202.96,38.14,376.3,47.56,23701.427999999996
87.2,-16.1,645.89,58.91,29652.785499999998
-137.5,11.68,77.17,-16.89,23622.365500000004
-539.67,-14.45,163.6,5.07,40957.2485
-242.67,-71.52,350.02,40.0,25886.064999999995
14.45,21.72,-128.26,23.5,-25629.62
201.96,69.59,36.88,50.65,-32146.987500000003
-311.39,-3.02,233.92,44.14,16307.031999999996
-122.49,12.95,170.63,36.22,4685.646
-27.87,-5.86,83.14,43.36,-12839.537000000002
-145.71,-15.93,-95.48,35.33,-20851.628500000003
106.23,14.76,120.84,3.71,5054.215499999999
0.8,47.55,242.58,45.9,957.8699999999984
64.25,87.55,-43.68,10.84,-12404.578000000001
-145.04,38.93,114.9,76.51,-20467.1945
307.31,-23.65,517.95,61.98,4057.094000000001
-0.08,-39.95,195.47,9.32,14312.615999999998
258.71,55.74,218.62,34.71,-8584.6745
-87.8,21.09,-107.24,-12.82,543.6440000000011
118.01,-11.37,-10.18,32.8,-24198.269999999997
-135.88,-26.97,36.51,76.64,-29606.808
-190.18,-18.27,-67.74,35.6,-15870.065000000002
-140.87,53.17,-141.82,58.28,-36929.786
-9.17,9.22,-213.15,66.73,-55488.67850000001
-43.75,-39.02,58.42,34.11,-10067.294500000002
307.84,40.54,266.56,63.52,-21298.054000000004
-229.74,20.85,223.36,23.67,21974.433499999996
-218.07,-0.19,235.26,36.73,15591.001499999998
340.04,31.27,282.42,-15.56,19711.617000000002
121.76,-18.97,-71.76,7.92,-17709.719
-376.28,43.74,-36.65,19.27,5805.883499999999
99.45,-39.87,52.88,46.44,-24336.188000000002
47.47,-21.62,-78.25,-3.46,-8688.373000000001
-428.89,-38.19,149.93,34.69,18278.7045
-73.91,-4.58,-32.63,-17.99,9811.8455
-3.49,-16.51,322.79,18.04,22968.817
146.28,-2.69,-75.57,9.0,-19683.94
190.9,10.17,212.51,77.73,-28630.97850000001
19.15,29.4,435.75,7.03,39395.6665
206.69,15.13,-143.05,25.24,-37877.123
-29.25,18.82,-10.26,56.74,-28899.468000000004
-171.5,66.15,-53.63,8.37,-464.71650000000005
-186.84,0.67,-112.05,42.81,-24082.864500000003
108.53,-41.04,152.14,26.41,-4419.609500000002
-391.63,43.3,200.06,2.33,39104.40649999999
135.56,74.26,-46.56,6.8,-14313.779999999999
-221.31,16.56,-2.5,52.52,-16222.309000000003
-71.84,39.38,148.48,11.89,12797.239500000001
101.08,-12.95,162.79,52.61,-16364.774500000005
243.59,16.5,-122.27,30.8,-40550.32
-388.14,32.3,560.33,4.35,74029.8275
-161.24,23.25,53.31,27.75,-748.6474999999996
9.81,-8.89,117.62,93.44,-37375.698000000004
-119.22,67.07,-25.61,31.9,-12432.805
172.32,16.05,48.26,6.37,-6988.531500000001
-417.28,42.56,-80.86,39.83,-7332.8634999999995
72.36,24.2,425.65,18.35,29849.817499999997
85.18,40.58,-269.44,-11.85,-24843.857500000002
9.82,42.66,63.01,41.1,-15098.460000000003
220.45,2.43,232.22,0.08,12211.564
-245.91,39.18,-219.44,67.1,-44105.33
221.72,85.62,192.2,63.49,-23990.110500000006
-140.58,79.96,363.3,50.26,18284.613
145.11,36.74,159.27,30.67,-6886.901500000003
-64.84,69.05,100.0,3.87,12046.7435
162.87,-35.78,93.16,38.62,-19372.484
156.09,61.53,43.7,7.13,-6547.468499999999
-292.81,12.62,216.04,62.12,4313.580999999995
-30.9,-52.54,-72.71,-11.3,-435.61999999999887
-18.49,15.78,165.36,73.55,-20553.232500000002
-47.58,44.17,32.29,26.76,-7756.002000000002
-151.13,-14.36,-16.32,9.23,1009.8814999999993
370.29,77.8,-131.28,-4.4,-28667.375
41.82,57.22,234.91,47.04,-2375.4330000000014
311.0,-34.63,-18.13,42.72,-40092.244000000006
-113.83,45.32,315.5,52.17,10831.3485
-212.36,13.92,94.39,26.76,6447.172999999998
26.45,-9.31,99.38,12.47,2034.2084999999986
-112.65,-1.08,-119.57,33.09,-23568.260500000004
478.03,-5.57,-100.02,-6.5,-30832.765000000003
49.08,-32.57,209.4,24.93,5274.296499999998
230.52,-5.69,80.76,4.83,-6233.398500000001
-44.85,34.24,111.75,68.4,-21657.410000000007
-65.21,59.91,230.2,43.93,4180.171499999998
-6.18,61.04,204.37,17.86,12166.328
71.14,-10.07,28.83,14.45,-8290.862500000001
169.92,5.9,678.88,61.61,27607.195500000005
-24.43,-20.08,727.01,10.95,68413.6825
-136.17,46.05,188.06,25.82,12778.560999999998
-213.58,-47.69,-187.84,46.93,-33020.3435
-15.34,-37.71,-78.72,6.96,-11154.427
114.59,-12.25,216.35,67.9,-19461.85000000001
91.59,18.8,-15.32,37.75,-25580.412500000002
-3.56,-1.24,83.66,77.4,-31721.950000000008
-120.03,11.16,-299.35,30.2,-39727.39000000001
29.35,11.66,187.24,113.62,-41713.97400000001
114.36,18.16,341.69,42.18,6825.263999999999
-7.36,-26.21,-142.87,35.62,-32761.959000000003
22.47,-1.88,31.3,-9.9,7092.860000000001
-30.1,30.22,28.2,37.82,-15003.889000000003
183.1,19.81,-396.98,-11.57,-42925.7385
-87.64,48.27,4.87,21.35,-5614.8375000000015
37.11,-16.12,-13.83,20.12,-13841.924
78.89,41.72,-178.71,56.81,-51050.874500000005
145.1,61.33,-74.91,20.73,-25098.078500000003
299.18,5.01,149.37,21.6,-11295.720000000001
135.09,19.31,168.28,6.39,6947.254499999998
119.84,17.88,164.97,18.99,835.7095000000008
-294.05,28.75,-15.19,13.24,6663.007000000001
121.28,23.58,-64.98,84.42,-56283.739
458.74,61.43,129.08,4.28,-11697.050999999998
-166.0,27.97,21.37,-4.51,13161.649499999998
-203.9,40.26,307.28,11.29,35713.89949999999
-42.93,21.6,332.86,62.64,3226.976999999995
204.25,-26.46,5.48,-28.19,4630.6505000000025
104.95,25.17,-226.7,71.77,-65140.7065
-95.42,1.95,136.67,2.09,17564.5095
-7.2,-12.23,-33.78,0.18,-3249.8660000000004
207.41,-21.3,264.46,-9.89,21028.845500000003
134.52,7.54,240.02,43.42,-5118.719
485.78,-11.26,-110.12,9.12,-40521.154
201.14,81.39,309.65,34.75,3782.172499999998
70.71,65.89,378.46,30.38,19396.258999999995
122.95,0.66,177.24,-42.48,33753.131
-69.8,34.82,222.03,27.27,11981.973499999998
-195.55,50.49,-4.19,41.4,-11530.304999999998
34.39,3.95,-71.83,-8.63,-4392.161499999999
98.11,74.69,350.98,-10.29,36546.6305
-279.06,42.27,148.22,27.2,15268.765000000001
-104.47,6.44,81.66,76.78,-26375.556000000008
-73.85,-52.98,86.21,72.92,-26168.394000000008
53.13,-23.81,250.55,81.32,-20062.038999999997
-52.09,21.15,56.87,3.83,6574.2715
89.02,-5.34,0.31,46.62,-28812.464
19.62,9.27,39.05,13.82,-4176.759000000001
212.07,-17.56,67.5,50.75,-30426.0325
-342.23,18.64,2.71,27.23,3604.6765000000014
331.42,-6.04,117.66,-25.62,8365.559000000005
283.53,-44.34,1.68,47.06,-39161.572
10.06,-1.96,9.01,-32.34,17184.398000000005
130.06,-10.02,497.31,100.43,-8945.728500000007
121.31,-44.31,101.45,111.18,-54247.00600000001
-147.46,59.81,441.6,10.46,47085.78800000001
32.93,7.34,-100.95,28.51,-26567.139500000005
155.63,-1.44,250.96,32.39,483.72949999999634
61.96,36.26,102.26,41.04,-13830.238
210.26,7.11,438.2,47.75,8649.987499999997
19.0,36.86,6.96,-19.61,10330.944500000001
16.15,-41.82,458.46,-0.91,45303.534499999994
-153.56,-26.28,-17.73,55.23,-23013.778499999997
-72.91,29.08,101.53,43.5,-8382.395
-91.94,62.22,-131.22,10.2,-13219.43
341.1,11.05,93.09,-9.72,-2760.756000000001
48.1,17.58,58.64,40.92,-17616.084000000003
-199.89,-18.82,-121.88,17.43,-11344.088500000002
79.72,8.95,-269.2,59.53,-61971.9735
-38.4,-14.81,279.28,61.97,-2365.8615000000063
-610.75,4.39,199.03,51.05,24287.2225
95.97,35.28,-39.27,39.6,-29021.280000000002
-310.54,-59.96,78.64,38.67,2809.048500000001
115.69,17.46,-45.04,56.48,-39595.351
-192.25,-18.16,72.39,8.1,12547.925
-291.66,-12.63,150.01,-17.74,38885.653
98.87,49.84,170.62,47.86,-12248.502
-298.84,20.34,-0.2,38.2,-4586.270000000005
-89.34,42.68,58.04,38.94,-9465.743
40.88,-51.73,203.22,26.02,4323.326000000001
122.45,-4.36,-31.87,-37.53,10096.328500000003
148.98,-5.88,-11.11,116.81,-69541.92950000001
-7.26,-10.63,116.37,112.26,-46486.227000000006
-166.48,25.41,198.95,14.69,20969.5395
384.76,41.36,15.21,55.0,-46041.38500000001
-121.2,-28.74,259.31,32.67,14931.7035
360.72,-23.69,85.99,37.6,-29455.980000000003
-90.5,-33.82,-34.55,40.3,-20295.48
232.26,50.17,118.88,62.21,-31571.969500000003
213.99,-8.02,-191.34,9.93,-35308.923500000004
-209.11,6.45,-267.18,51.46,-43001.047
71.06,-1.63,167.81,51.23,-13509.373500000002
151.08,-23.73,-255.26,-46.46,-9288.887999999995
140.2,23.06,-60.39,74.05,-51355.217500000006
-39.79,23.41,299.73,49.72,6518.131000000001
60.39,42.95,166.34,12.53,7549.6315
-78.94,2.11,-69.99,31.44,-19304.978000000003
-234.36,-0.4,97.0,45.37,-2025.0165000000013
196.8,-10.49,-186.78,21.47,-40005.116500000004
-111.94,62.08,-127.84,45.76,-30256.702
275.95,45.26,66.44,-31.53,9581.983500000002
120.49,8.59,217.49,36.36,-3027.046999999998
-178.53,32.71,93.25,63.32,-14283.048999999999
-32.24,-10.5,83.14,52.54,-17430.813000000006
-57.28,81.91,-30.07,36.54,-18312.483000000004
-174.18,-10.7,114.9,6.58,16746.779000000002
100.29,-3.29,259.2,32.11,4340.400499999997
-95.72,-2.99,320.75,-5.59,39953.085499999994
326.34,69.54,168.55,33.62,-16354.383999999995
172.18,15.17,124.4,24.77,-9000.4115
-176.04,47.95,171.03,44.98,3135.6090000000017
-3.8,6.15,205.07,71.67,-16375.981500000009
-45.35,-32.45,3.64,55.52,-26583.754000000004
-312.9,37.14,26.18,5.05,16139.6575
186.25,-11.93,-32.69,0.98,-13247.605999999998
189.96,-36.15,-25.76,4.03,-14709.228500000001
185.1,-4.56,476.61,3.89,36476.734500000006
-91.4,32.11,256.99,-1.16,31407.352000000003
213.8,71.75,-36.95,89.75,-60472.4775
-41.95,-38.56,108.46,68.99,-23281.4805
187.03,-66.97,161.5,12.24,-400.3679999999998
362.51,42.56,82.01,31.49,-26151.5605
28.02,20.5,-92.75,104.34,-64804.338
-283.83,-9.72,389.31,-23.36,65457.43199999999
-63.38,24.64,-137.68,41.87,-32127.0815
128.2,35.53,273.67,90.1,-25536.884999999995
243.97,76.92,110.81,34.46,-18388.527000000002
-226.76,5.44,-62.69,13.46,-1803.7020000000007
-38.11,54.79,67.7,68.1,-26159.564999999995
46.67,-5.81,-270.1,97.82,-80474.099
87.0,-7.84,154.99,24.51,-1578.9145
182.08,24.83,245.69,65.8,-18525.89
-189.69,-29.02,-6.01,1.22,8023.091
-84.7,-35.57,159.57,37.92,257.1659999999979
201.59,43.71,-399.78,49.17,-75510.5165
78.47,-58.71,-6.28,16.45,-13821.502500000002
89.68,13.97,-167.48,14.11,-28547.1445
225.06,-1.37,285.06,48.99,-8199.070500000005
20.81,-3.06,138.86,56.25,-16522.867500000004
105.6,-36.63,90.55,-1.48,4118.286
-62.91,-61.26,62.15,11.78,2678.6489999999994
-269.0,-13.13,51.42,42.54,-3500.558000000002
-259.05,-30.78,257.01,-16.25,47065.1625
14.86,-4.89,-108.35,-0.76,-11302.528
-39.91,13.08,286.45,39.78,10173.388999999994
-130.92,-15.96,239.92,54.15,2364.862499999996
63.6,-27.54,306.15,38.21,7464.750499999994
-178.05,20.15,30.41,27.72,-2123.1289999999976
22.27,-16.66,316.3,80.47,-11491.786500000004
-3.9,-23.58,300.16,36.07,11293.958499999999
-168.0,-0.47,189.92,14.16,20145.743000000002
-459.64,19.99,324.57,-32.14,72813.243
291.31,83.81,11.74,45.78,-36440.851
63.33,66.47,85.37,16.49,-2413.1554999999976
-532.83,-34.22,369.52,19.54,53579.08199999999
-85.29,-36.35,503.48,26.83,40504.3565
78.76,12.27,-229.33,4.15,-29051.997499999998
-45.63,29.49,287.41,44.19,8472.159500000002
116.07,5.39,-151.62,25.83,-34564.6235
-194.65,86.03,142.06,109.56,-31973.552000000007
35.03,51.2,-17.58,10.31,-8316.8045
-10.7,67.4,141.14,38.39,-4564.765500000006
-36.61,-4.63,40.35,11.77,-193.25150000000025
-44.21,-21.39,178.81,51.89,-6961.8355000000065
39.95,-27.46,229.95,3.38,19033.369
186.54,6.02,30.37,32.32,-23143.939000000002
-106.02,-34.04,233.71,32.2,11775.604999999998
-81.45,-12.18,42.48,42.48,-13799.651
32.11,-5.08,236.96,-26.38,35842.835999999996
-24.03,43.05,335.49,47.26,10783.668000000003
77.12,-6.55,133.02,33.06,-7755.212000000002
143.66,-39.25,146.62,65.53,-26943.8335
258.24,-5.66,-260.54,6.15,-42455.3575
-23.29,16.6,-54.38,26.22,-17679.714000000004
-455.46,29.63,-24.53,1.19,20256.574500000002
-13.92,-22.26,69.87,4.68,5017.659000000001
70.77,32.66,-180.0,48.85,-46689.6975
-37.39,58.54,-160.21,46.12,-37488.294
